{
  "namespace": "diag10::",
  "mode": "validate",
  "note": "QUARANTINED DIAGNOSTIC -- not a registration, not the P1 run",
  "pairs": {
    "tx0.1_ty2.0_M400": {
      "n_seeds": 16,
      "M_grid": 400,
      "stencil": {
        "per_seed_curls": [
          5.388407360554345,
          -5.260986777100497,
          -2.859862868497398,
          -3.830578529311718,
          3.59673814710435,
          -2.614730568384262,
          -4.271586609782954,
          6.173570558272055,
          0.033249639443560075,
          10.152460099131364,
          1.7988022352263022,
          3.098009871821408,
          -11.366493535710662,
          4.627001638951491,
          -1.3557825028054866,
          -6.036132118634978
        ],
        "curl_of_mean_field_DEF_A": -0.17049462248255395,
        "mean_of_per_seed_curls": -0.17049462248269243,
        "identity_residual": 1.3847256674637265e-13,
        "std": 5.537863597075473,
        "snr": 0.0307870751046902,
        "n_pos": 8,
        "n_neg": 8
      },
      "gradient": {
        "per_seed_curls": [
          0.05388407360554397,
          -0.05260986777100539,
          -0.028598628684976205,
          -0.038305785293118524,
          0.035967381471043475,
          -0.02614730568384264,
          -0.04271586609782914,
          0.06173570558272054,
          0.0003324963944348825,
          0.10152460099131431,
          0.017988022352261622,
          0.03098009871821343,
          -0.11366493535710666,
          0.04627001638951516,
          -0.013557825028055782,
          -0.06036132118635012
        ],
        "curl_of_mean_field_DEF_A": -0.0017049462248258966,
        "mean_of_per_seed_curls": -0.001704946224827317,
        "identity_residual": 1.420521686390508e-15,
        "std": 0.05537863597075499,
        "snr": 0.030787075104697147,
        "n_pos": 8,
        "n_neg": 8
      }
    },
    "tx0.1_ty1.0_M400": {
      "n_seeds": 16,
      "M_grid": 400,
      "stencil": {
        "per_seed_curls": [
          3.259766915423291,
          6.3710190512235645,
          -3.309295945782754,
          -1.619651348082398,
          -9.98124900262525,
          3.687764991864099,
          1.9929171459134984,
          6.6430131049530114,
          -2.0251640894624936,
          -1.3651985722884281,
          -7.379863640121867,
          15.671231557355162,
          0.8823232944236589,
          0.19377725257428308,
          7.532850503919404,
          9.460057253274654
        ],
        "curl_of_mean_field_DEF_A": 1.8758936545351304,
        "mean_of_per_seed_curls": 1.8758936545350897,
        "identity_residual": 4.063416270128073e-14,
        "std": 6.444019619833235,
        "snr": 0.29110613641856603,
        "n_pos": 10,
        "n_neg": 6
      },
      "gradient": {
        "per_seed_curls": [
          0.03259766915423274,
          0.0637101905122347,
          -0.03309295945782839,
          -0.016196513480824203,
          -0.09981249002625263,
          0.03687764991864186,
          0.019929171459134636,
          0.06643013104952965,
          -0.020251640894624494,
          -0.013651985722884492,
          -0.07379863640121828,
          0.1567123155735527,
          0.008823232944236451,
          0.0019377725257425271,
          0.07532850503919374,
          0.09460057253274547
        ],
        "curl_of_mean_field_DEF_A": 0.018758936545351237,
        "mean_of_per_seed_curls": 0.018758936545350748,
        "identity_residual": 4.891920202254596e-16,
        "std": 0.0644401961983324,
        "snr": 0.2911061364185635,
        "n_pos": 10,
        "n_neg": 6
      }
    },
    "tx0.1_ty2.0_M4000": {
      "n_seeds": 8,
      "M_grid": 4000,
      "stencil": {
        "per_seed_curls": [
          -1.6829957017368227,
          -2.0856723316658092,
          0.3512070636421549,
          0.5513748809400818,
          -1.6876890867635774,
          -0.4732102912690774,
          0.053901578478510404,
          -1.2030310202790997
        ],
        "curl_of_mean_field_DEF_A": -0.7720143635817629,
        "mean_of_per_seed_curls": -0.7720143635817048,
        "identity_residual": 5.806466418789569e-14,
        "std": 1.0256862717693749,
        "snr": 0.7526807999973816,
        "n_pos": 3,
        "n_neg": 5
      },
      "gradient": {
        "per_seed_curls": [
          -0.01682995701736799,
          -0.020856723316658235,
          0.0035120706364216918,
          0.005513748809401228,
          -0.01687689086763563,
          -0.004732102912691197,
          0.0005390157847846844,
          -0.012030310202791045
        ],
        "curl_of_mean_field_DEF_A": -0.00772014363581754,
        "mean_of_per_seed_curls": -0.007720143635817062,
        "identity_residual": 4.779163176316104e-16,
        "std": 0.01025686271769376,
        "snr": 0.752680799997382,
        "n_pos": 3,
        "n_neg": 5
      }
    },
    "tx0.1_ty1.0_M4000": {
      "n_seeds": 8,
      "M_grid": 4000,
      "stencil": {
        "per_seed_curls": [
          1.9757746990862752,
          0.5226697773137438,
          -1.7398337363256458,
          0.7799309727170705,
          -0.813083997198415,
          1.2279632698877012,
          -0.952532668129823,
          -1.882966826021934
        ],
        "curl_of_mean_field_DEF_A": -0.11025981358381155,
        "mean_of_per_seed_curls": -0.1102598135838784,
        "identity_residual": 6.684930387024224e-14,
        "std": 1.4311237956056764,
        "snr": 0.07704421792331008,
        "n_pos": 4,
        "n_neg": 4
      },
      "gradient": {
        "per_seed_curls": [
          0.019757746990862454,
          0.005226697773137621,
          -0.017398337363256598,
          0.007799309727170459,
          -0.008130839971984424,
          0.012279632698877172,
          -0.009525326681298352,
          -0.018829668260219534
        ],
        "curl_of_mean_field_DEF_A": -0.0011025981358382944,
        "mean_of_per_seed_curls": -0.0011025981358389002,
        "identity_residual": 6.058521739848999e-16,
        "std": 0.014311237956056799,
        "snr": 0.077044217923318,
        "n_pos": 4,
        "n_neg": 4
      }
    }
  },
  "cells": [
    {
      "label": "A",
      "tx": 0.1,
      "ty": 2.0,
      "Tc": 1.0
    },
    {
      "label": "B",
      "tx": 0.25,
      "ty": 2.0,
      "Tc": 1.0
    },
    {
      "label": "C",
      "tx": 0.1,
      "ty": 1.0,
      "Tc": 1.0
    },
    {
      "label": "D",
      "tx": 0.25,
      "ty": 1.0,
      "Tc": 1.0
    },
    {
      "label": "AxT2",
      "tx": 0.1,
      "ty": 2.0,
      "Tc": 2.0
    },
    {
      "label": "AxT4",
      "tx": 0.1,
      "ty": 2.0,
      "Tc": 4.0
    }
  ]
}