{
  "C1": {
    "0.25": {
      "KS": 0.0519,
      "TV": 0.0217,
      "g": 1.72,
      "occ_p_blk": 5e-05,
      "p_blk": 0.0005,
      "shift": 0.5
    },
    "0.5": {
      "KS": 0.0614,
      "TV": 0.0171,
      "g": 1.87,
      "occ_p_blk": 5e-05,
      "p_blk": 5e-05,
      "shift": 0.564
    },
    "1.0": {
      "KS": 0.065,
      "TV": 0.0226,
      "g": 1.11,
      "occ_p_blk": 0.0096,
      "p_blk": 0.06905,
      "shift": 0.817
    },
    "2.0": {
      "KS": 0.045,
      "TV": 0.0085,
      "g": 0.48,
      "occ_p_blk": 0.23849,
      "p_blk": 0.44383,
      "shift": 0.462
    }
  },
  "C2": {
    "0.25": {
      "p_blk": 0.2367,
      "z2SE": 1.21
    },
    "0.5": {
      "p_blk": 0.9078,
      "z2SE": -0.12
    },
    "1.0": {
      "p_blk": 0.0511,
      "z2SE": -2.03
    },
    "2.0": {
      "p_blk": 0.6685,
      "z2SE": 0.43
    }
  },
  "C2_holm": [
    0.71,
    1.0,
    0.204,
    1.0
  ],
  "C3": {
    "effective_slope": 1.729,
    "effective_slope_CI95": [
      1.671,
      1.798
    ],
    "nominal_slope": 1.15
  },
  "analysis": "v41_blocklevel",
  "generated_utc": "2026-07-06T18:26:59.260837+00:00",
  "inputs": {
    "blocklevel_py_sha256": "29153b802197f88ac999b7c3e5ee873f305e9b7c7c13de45208247b386ad5a05",
    "harness_py_sha256": "655dc7d55b908eac87d5ef1c2aea0b4311ad70d3961b94e8af94e300bc045930",
    "ndjson_sha256": "6d78de71f05e042d9f9c44700a06564ee432af6135ba6f87791b9253f3e1741b"
  },
  "n_perm": 20000,
  "seed": 123
}