{
 "version": "v4h-1.3.1",
 "config_hash": "4e4b68d562b76f8a",
 "n_units": 392,
 "C0": {
  "hot_mean": 1.7841762978372615,
  "ctrl_mean": 0.16197119062849225,
  "ratio": 11.01539286649161
 },
 "occupancy": {
  "p_occ": 0.023648817559122043,
  "tv": 0.009988787269773142,
  "blocks_per_arm": 32,
  "matched": false
 },
 "fpt_descriptive": {
  "shift": 0.1530718750000002,
  "g": 0.3084603938733991,
  "note": "not gated; fork (a) settled in v4.2"
 },
 "vortex": {
  "means": {
   "0.0": -5.316080647628054e-06,
   "2.0": 6.512466432998989e-05,
   "4.0": 0.00014038333494830507,
   "8.0": 0.0002610106772210502
  },
  "p_k2_vs_k0": 4.999750012499375e-05,
  "p_k4_vs_k0": 4.999750012499375e-05,
  "p_k8_vs_k0": 4.999750012499375e-05,
  "holm_k4_k8": [
   9.99950002499875e-05,
   9.99950002499875e-05
  ],
  "sign_pos_k4": 31,
  "sign_pos_k8": 32,
  "monotone": true,
  "blocks_per_arm": 32
 },
 "G1_control_pass": true,
 "aniso": {
  "arm1": {
   "pair": [
    0.25,
    1.0
   ],
   "mean": 2.94336677487496e-06,
   "p_vs_eq": 0.5742712864356783,
   "sign_consistency": 35
  },
  "arm2": {
   "pair": [
    1.0,
    0.25
   ],
   "mean": -3.6723446346105306e-06,
   "p_vs_eq": 0.9316534173291335,
   "sign_consistency": 33
  },
  "equal": {
   "pair": [
    1.0,
    1.0
   ],
   "mean": -2.7147907981266057e-06,
   "sd_block": 5.384946928858839e-05
  },
  "holm": [
   1.0,
   1.0
  ],
  "opposite_signs": true,
  "directional_secondary": {
   "predicted": [
    1,
    -1
   ],
   "matched": [
    true,
    true
   ],
   "note": "secondary prediction, not gating"
  },
  "detection_floor_90pct": 3.671968615123476e-05,
  "blocks_per_arm": 64
 },
 "G2_aniso_fire": false,
 "G3_bounded_null": true,
 "G4_inconclusive": false
}
